<?xml version="1.0" encoding="UTF-8"?>
<test-data>
	<UiMap>
		<pages>
            <page name="page_agreements" description = "Default first page." >
                <element name="checkbox_accept">
                    <id>com.hp.printercontrol:id/moobe_review_accept_agreements_checkbox</id>
                </element>
                <element name="button_continue">
                    <id>com.hp.printercontrol:id/moobe_welcome_continue_button</id>
                </element>
			</page>
			<page name="page_welcome" description="Welcome page">
                <element name="button_start" page="page_foundYourPrinter">
                    <id>com.hp.printercontrol:id/splash_screen_agreement_start_button</id>
                </element>
                <element name="link_setupLater">
                     <id>com.hp.printercontrol:id/moobe_setup_later</id>
                </element>
            </page>
            <page name="page_findNewPrinter" description="We find new printer.">
                <element name="button_continue" >
                    <id>com.hp.printercontrol:id/moobe_welcome_continue_button</id>
                </element>
			</page>
            <page name="page_foundANetworkPrinter" description="We found a network printer!">
                <element name="button_continue" >
                    <id>com.hp.printercontrol:id/moobe_welcome_continue_button</id>
                </element>
			</page>
            <page name="sys_packageinstaller" description="for android 6.0 'Allow xxxx to access device's location'.">
                <element name="link_AllowAccessLocation" >
                    <id>com.android.packageinstaller:id/permission_allow_button</id>
                </element>
			</page>
            <page name="page_foundYourPrinter" description="We found your printer.">
                <element name="link_changePrinter" page="page_printerList"><id>com.hp.printercontrol:id/change_printer</id></element>
                <element name="button_continue" page="page_printerList"><id>com.hp.printercontrol:id/moobe_welcome_continue_button</id></element>
                <element name="button_later" ><id>com.hp.printercontrol:id/moobe_welcome_later_button</id></element>
			</page>
            <page name="page_setup" description="set up printer.">
                <element name="button_ExitSetup" >
                    <id>com.hp.printercontrol:id/ap_selection_printer_not_present</id>
                </element>
			</page>
            <page name="page_printerList" description="Printer list.">
                <element name="button_search"><id>android:id/search_button</id></element>
                <element name="Edit_search"><id>android:id/search_src_text</id></element>
                <element name="text_printerIp" page="page_home"><xpath>//android.widget.TextView[contains(@text,'VALUE_PLACEHOLDER')]</xpath></element>
			</page>
             <page name="page_home" description="main page.">
                <element name="button_add_printer_link_gray" page="page_printerList"><id>com.hp.printercontrol:id/add_printer_link_gray</id></element><element name="button_scan"><id>com.hp.printercontrol:id/scan_button</id></element><element name="button_capture"><id>com.hp.printercontrol:id/capture_button</id></element>
                <element name="button_action_add_printer" page="page_printerList"><id>com.hp.printercontrol:id/action_add_printer_iv</id></element>
                <element name="button_file" ><id>com.hp.printercontrol:id/file_button</id></element>
                <element name="button_photos"><id>android:id/photos_button</id></element>
                <element name="button_printerInfo"><id>com.hp.printercontrol:id/printer_info_button</id></element>
                <element name="tile_printPhotos"><xpath>//android.widget.TextView[@text = 'Print Photos']</xpath></element>
                <element name="tile_HowToPrint"><xpath>//android.widget.TextView[@text = 'How to Print']</xpath></element>
                <element name="tile_GetHPHelpAndSupport"><xpath>//android.widget.TextView[@text = 'Get HP Help and Support']</xpath></element>
                <element name="button_MoreOptions"><accessibility_id>More options</accessibility_id></element>
                <page name="menu_moreOptions">
                    <element name="menuItem_helpCenter_"><xpath>//android.widget.TextView[@text = 'Help Center']</xpath></element>
                    <element name="menuItem_appSettings_"><xpath>//android.widget.TextView[@text = 'App Settings']</xpath></element>
                    <element name="menuItem_about_"><xpath>//android.widget.TextView[@text = 'About']</xpath></element>
                    <element name="menuItem_showWelcomeScreen_"><xpath>//android.widget.TextView[@text = 'Show Welcome screen']</xpath></element>
                    <element name="menuItem_devInvestigations_"><xpath>//android.widget.TextView[@text = 'Dev Investigations']</xpath></element>
                </page>
			</page>
            <page name="page_printer" description="add_printer_link_gray page.">
                <element name="printers_1"><id index="1">com.hp.printercontrol:id/ssid</id></element>
                <element name="printers_2"><id index="2">com.hp.printercontrol:id/ssid</id></element>
                <element name="printers_3"><id index="3">com.hp.printercontrol:id/ssid</id></element>
                <element name="button_image_back"><xpath>//android.widget.ImageButton[@content-desc = 'Navigate up']</xpath></element>
                <element name="button_addPrinter"><id>com.hp.printercontrol:id/addPrinterTextView</id></element>
                <element name="button_LookingForWiFiDirectPrinters"><id>com.hp.printercontrol:id/showWifiDirectPrintersButton</id></element>
             </page>
            <page name="page_helpCenter" description="helpCenter page.">
                <element name="option_HowToPrint_"><xpath>//android.widget.TextView[@text = 'How to Print']</xpath></element>
                <element name="option_PrintQualityTools"><xpath>//android.widget.TextView[@text = 'Print Quality Tools']</xpath></element>
                <element name="option_ConnectionIssues"><xpath>//android.widget.TextView[@text = 'Connection Issues']</xpath></element>
                <element name="option_OnlineSupport"><xpath>//android.widget.TextView[@text = 'Online Support']</xpath></element>\
                <element name="option_ContactHPonFacebookMessenger"><xpath>//android.widget.TextView[@text = 'Contact HP on Facebook Messenger']</xpath></element>
                <element name="option_SendFeedback"><xpath>//android.widget.TextView[@text = 'Send Feedback']</xpath></element>
            </page>
            <page name="page_about" description="about page.">
                <element name="text_versionLable" page="page_printerList"><id>com.hp.printercontrol:id/version_label</id></element>
                <element name="text_title_about"><id>android:id/action_bar_title</id></element>
                <element name="text_version"><id>com.hp.printercontrol:id/version</id></element>
                <element name="button_back" page="page_home"><id>android:id/up</id></element>
                <element name="text_appName"><id>com.hp.printercontrol:id/app_name</id></element>
                <element name="image_appIcon"><id>com.hp.printercontrol:id/app_icon</id></element>
                <element name="text_copyRightCompany"><id>com.hp.printercontrol:id/editText1</id></element>
                <element name="link_hpOnlinePrivacyStatement" page="page_hpOnlinePrivacyStatement"><id>com.hp.printercontrol:id/moobe_online_privacy</id></element>
                <element name="link_endUserLicenseAgreement" page="page_endUserLicenseAgreement"><id>com.hp.printercontrol:id/moobe_online_eula</id></element>
                <element name="link_legalInformation" page="dialog_legalInformation"><id>com.hp.printercontrol:id/legalInfoTextView</id></element>
                <element name="button_shareThisApp" page="page_shareThisApp"><id>com.hp.printercontrol:id/button_mail</id></element>
			</page>
            <page name="dialog_legalInformation" description="dialog_legalInformation">
                <element name="text_title_legalInformation" ><id>android:id/alertTitle</id></element>
                <element name="area_content_legalInformation"><xpath>//android.widget.FrameLayout/android.webkit.WebView</xpath></element>
                <element name="button_ok" page="page_about"><id>android:id/button3</id></element>
			</page>
            <page name="page_endUserLicenseAgreement" description="page_endUserLicenseAgreement">
                <element name="text_404PageNotFound"><accessibility_id>404 Page Not Found</accessibility_id></element>
                <element name="image_logo" page="page_about">
                    <xpath>
                        //android.webkit.WebView/android.view.View[1]/android.view.View[1]/android.view.View[1]/android.view.View[2]/android.view.View[1][contains(@content-desc,'HP® Official Site')]
                    </xpath>
                    <xpath>
                        //android.view.View[1]/android.view.View[1]/android.view.View[2]/android.view.View[1][contains(@content-desc,'HP® Official Site')]
                    </xpath>
                </element>
                <!--<element name="text_always" page="page_about"><id>android:id/button_always</id></element>-->
                <!--<element name="text_chrome" ><xpath>//android.widget.TextView[@text = 'Chrome']</xpath></element>-->
            </page>
            <page name="page_hpOnlinePrivacyStatement" description="page_hpOnlinePrivacyStatement">
                <element name="text_hpPrivacyStatementWorldwide"><xpath>//android.view.View[@content-desc = 'HP Privacy Statement Worldwide']</xpath></element>
                <element name="image_logo" page="page_about"><xpath>//android.widget.FrameLayout/android.webkit.WebView[1]/android.view.View[1]/android.view.View[1][@content-desc = 'HP']</xpath></element>
                <!--<element name="text_always" page="page_about"><id>android:id/button_always</id></element>-->
                <!--<element name="text_chrome" ><xpath>//android.widget.TextView[@text = 'Chrome']</xpath></element>-->
            </page>
            <page name="page_shareThisApp" description="page_shareThisApp">
                <element name="text_chooseAMailProvider"><xpath>//android.widget.TextView[@text = 'Choose a mail provider']</xpath></element>
                <element name="text_microsoftExchangeActiveSync"><xpath>//android.widget.TextView[@text = 'Microsoft Exchange ActiveSync']</xpath></element>
                <element name="text_sina" ><xpath>//android.widget.TextView[@text = 'Sina']</xpath></element>
                <element name="text_qq"><xpath>//android.widget.TextView[@text = 'QQ']</xpath></element>
                <element name="text_163" page="page_about"><xpath>//android.widget.TextView[@text = '163']</xpath></element>
                <element name="text_other" page="page_about"><xpath>//android.widget.TextView[@text = 'Other (POP3/IMAP)']</xpath></element>
			</page>
            <page name="sys_general" description="for android 6.0 'Allow xxxx to access device's location'.">
                <element name="link_AllowAccessLocation" >
                    <id>com.android.packageinstaller:id/permission_allow_button</id>
                </element>
                <element name="text_always" page="page_about"><id>android:id/button_always</id></element>
                <element name="text_chrome" ><xpath>//android.widget.TextView[@text = 'Chrome']</xpath></element>
                <element name="text_email" ><xpath>//android.widget.TextView[@text = 'Email']</xpath></element>
			</page>
            <page name="page_appSettings" description="moreOptions then app settings page.">
                <!--index="0" means return all specified elements, here is return all checkboxes-->
                <element name="checkBox_All_noIndex"><id>android:id/checkbox</id></element>
                <element name="checkBox_All_setIndex"><id index="0">android:id/checkbox</id></element>
                <element name="checkBox_usageTracking"><id index="1">android:id/checkbox</id></element>
                <element name="checkBox_hpSuppliesShopping"><id index="2">android:id/checkbox</id></element>
                <element name="checkBox_wirelessNetwork"><id index="3">android:id/checkbox</id></element>
			</page>
            <page name="page_GetHPHelpAndSupport" description="GetHPHelpAndSupport page.">
                <element name="option_HowToPrint_"><xpath>//android.widget.TextView[@text = 'How to Print']</xpath></element>
                <element name="option_ConnectionIssues"><xpath>//android.widget.TextView[@text = 'Connection Issues']</xpath></element>
                <element name="option_OnlineSupport"><xpath>//android.widget.TextView[@text = 'Online Support']</xpath></element>\
                <element name="option_ContactHPonFacebookMessenger"><xpath>//android.widget.TextView[@text = 'Contact HP on Facebook Messenger']</xpath></element>
                <element name="option_SendFeedback"><xpath>//android.widget.TextView[@text = 'Send Feedback']</xpath></element>
			</page>
            <page name="page_HowToPrint" description="How To Print page.">
                <element name="button_Cancel"><id>com.hp.printercontrol:id/moobe_dialog_button_left</id></element>\
                <element name="button_Continue"><id>com.hp.printercontrol:id/moobe_dialog_button_center</id></element>
                <element name="title_HowToPrint_"><xpath>//android.widget.TextView[@text = 'How to Print']</xpath></element>
			</page>
            <page name="page_ConnectionIssues" description="Connection Issues page.">
                <element name="title_MyPrinterIsNotListed"><id>com.hp.printercontrol:id/help_type_selection_dlg_title_tv</id></element>
                <element name="button_HelpSetUpANewPrinter"><id>com.hp.printercontrol:id/help_type_selection_dlg_btn_setup_new_printer</id></element>
                <element name="button_HelpSearchForANetworkPrinter"><id>com.hp.printercontrol:id/help_type_selection_dlg_btn_search_existing_printer</id></element>
			</page>
            <page name="page_HelpSetUpANewPrinter" description="add printer page.">
                <element name="button_image_back"><xpath>//android.widget.ImageButton[@content-desc = 'Navigate up']</xpath></element>\
                <element name="button_MyPrinterIsNotListed"><id>com.hp.printercontrol:id/ap_selection_printer_not_present</id></element>
			</page>
            <page name="page_HelpSearchForANetworkPrinter" description="HelpSearchForANetworkPrinter page.">
                <element name="checkBox_1"><id>com.hp.printercontrol:id/printersetup_turnedon_checkBox</id></element>
                <element name="checkBox_2"><id>com.hp.printercontrol:id/printersetup_printerwifi_checkBox</id></element>
                <element name="checkBox_3"><id>com.hp.printercontrol:id/printersetup_phonewifi_checkBox</id></element>
                <element name="button_tryAgain"><id>com.hp.printercontrol:id/existing_printersetup_tryagain_button</id></element>
            </page>
            <page name="page_link_OnlineSupport" description="OnlineSupport page.">
                <element name="url_OnlineSupport"><id>com.android.chrome:id/url_bar</id></element>
                <element name="title_selectCountryHeader"><id>select-country-header</id></element>
			</page>
            <page name="page_link_PrintQualityTools" description="Print Quality Tools page.">
                <element name="url_PrintQualityTools"><id>com.android.chrome:id/url_bar</id></element>
			</page>
            <page name="page_contactHPonFacebookMessager" description="contact HP on facebook messager page.">
                <element name="checkBox_dialog_do_not_show"><id>com.hp.printercontrol:id/custom_dialog_do_not_show_again_checkbox</id></element>
                <element name="button_Cancel"><id>android:id/button2</id></element>
                <element name="button_Message"><id>android:id/button1</id></element>
            </page>
            <page name="page_link_contactHPonFacebookMessager" description="contact HP on facebook messager page.">
                <element name="button_OpenInMessenger "><xpath>//android.view.View[@content-desc = 'Open In Messenger']</xpath></element>
                <element name="button_GetTheMessengerApp "><xpath>//android.view.View[@content-desc = 'Get the Messenger App']</xpath></element>
			</page>
            <page name="page_file" description="file page.">
                <element name="title_MyFile"><id>com.hp.printercontrol:id/adapter_item_left_icon</id></element>
            </page>
            <page name="page_MyFile" description="MyFile page.">
                <element name="button_Back"><id>android:id/up</id></element>
                <element name="button_DropDownOption"><id>android:id/action_bar_spinner</id></element>
			    <element name="button_share"><id>com.hp.printercontrol:id/action_share</id></element>
                <element name="button_print"><id>com.hp.printercontrol:id/action_print</id></element>
                <element name="title_action_bar"><id>android:id/action_bar_title</id></element>
                <element name="button_MoreOptions"><accessibility_id>More options</accessibility_id></element>
                <page name="menu_DropDownOption" description="moreOptions menu.">
                    <element name="menuItem_All"><xpath>//android.widget.TextView[@text = 'All (Scan)']</xpath></element>
                    <element name="menuItem_JPEG"><xpath>//android.widget.TextView[@text = 'JPEG (Scan)']</xpath></element>
                    <element name="menuItem_PDF"><xpath>//android.widget.TextView[@text = 'PDF']</xpath></element>
                    <element name="menuItem_SuppliesInfo"><xpath>//android.widget.TextView[@text = 'Supplies Info']</xpath></element>
                    <element name="select_SuppliesInfo"><xpath>//android.widget.TextView[@text = 'No items']</xpath></element>
                </page>
                <page name="page_menuItem_All" description="All menu.">
                    <element name="checkBox_All_setIndex"><id index="0">com.hp.printercontrol:id/cb_files</id></element>
                    <element name="checkbox_jpg_1"><id index="1">com.hp.printercontrol:id/cb_files</id></element>
                    <element name="checkbox_jpg_2"><id index="2">com.hp.printercontrol:id/cb_files</id></element>
                    <element name="checkbox_pdf_1"><id index="3">com.hp.printercontrol:id/cb_files</id></element>
                    <element name="checkbox_pdf_2"><id index="4">com.hp.printercontrol:id/cb_files</id></element>
                </page>
                <page name="page_menuItem_PDF" description="PDF menu.">
                    <element name="checkBox_pdf_setIndex"><id index="0">com.hp.printercontrol:id/cb_files</id></element>
                    <element name="checkbox_pdf_1"><id index="1">com.hp.printercontrol:id/cb_files</id></element>
                    <element name="checkbox_pdf_2"><id index="2">com.hp.printercontrol:id/cb_files</id></element>
                </page>
                <page name="page_menuItem_JPEG" description="JPEG menu.">
                    <element name="checkBox_pdf_setIndex"><id index="0">com.hp.printercontrol:id/cb_files</id></element>
                    <element name="checkbox_jpg_1"><id index="1">com.hp.printercontrol:id/cb_files</id></element>
                    <element name="checkbox_jpg_2"><id index="2">com.hp.printercontrol:id/cb_files</id></element>
                </page>
                <page name="tile_share" description="share menu.">
                    <element name="title_BlueTooth"><xpath>//android.widget.TextView[@text = 'Bluetooth']</xpath></element>
                    <element name="title_Mail"><xpath>//android.widget.TextView[@text = 'Mail']</xpath></element>
                </page>
                <page name="page_Mail" description="Mail page.">
                    <element name="title_MicrosoftExchangeActiveSync"><xpath>//android.widget.TextView[@text = 'Microsoft Exchange ActiveSync']</xpath></element>
                </page>
                <page name="tile_print" description="print tile.">
                    <element name="button_Cancel"><id>com.hp.printercontrol:id/moobe_dialog_button_left</id></element>
                    <element name="button_Continue"><id>com.hp.printercontrol:id/moobe_dialog_button_center</id></element>
                </page>
                <page name="menu_MoreOptions" description="MoreOptionsmenu.">
                    <element name="menuItem_Delete"><xpath>//android.widget.ListView/android.widget.LinearLayout[1]</xpath></element>
                    <element name="menuItem_SortBy"><xpath>//android.widget.ListView/android.widget.LinearLayout[2]</xpath></element>
                    <element name="menuItem_Rename"><xpath>//android.widget.ListView/android.widget.LinearLayout[3]</xpath></element>
                    <element name="menuItem_PrintHelp"><xpath>//android.widget.ListView/android.widget.LinearLayout[4]</xpath></element>
                </page>
                <page name="tile_Delete" description="Delete tile.">
                    <element name="button_Yes"><id>com.hp.printercontrol:id/moobe_dialog_button_left</id></element>
                    <element name="button_No"><id>com.hp.printercontrol:id/moobe_dialog_button_center</id></element>
                </page>
                <page name="tile_SortBy" description="SortBy tile.">
                    <element name="button_Date"><xpath>//android.widget.CheckedTextView[@text = 'Date']</xpath></element>
                    <element name="button_Name"><xpath>//android.widget.CheckedTextView[@text = 'Name']</xpath></element>
                </page>
                <page name="tile_Rename" description="Rename tile.">
                    <element name="dialog_rename"><id>com.hp.printercontrol:id/edit_text_rename</id></element>
                    <element name="button_ok"><id>com.hp.printercontrol:id/rename_file_ok_btn</id></element>
                    <element name="button_cancel"><id>com.hp.printercontrol:id/rename_file_cancel_btn</id></element>
                </page>
            </page>
		</pages>
	</UiMap>
</test-data>